-- -----------------------------------------------------------------------------
-- TABLE : AEROPORT
-- -----------------------------------------------------------------------------

INSERT INTO BESSY_AEROFRANCE.AEROPORT (AERONUM,AERONOM,AEROTAXE) VALUES 
('1','toulouse','10');
INSERT INTO BESSY_AEROFRANCE.AEROPORT (AERONUM,AERONOM,AEROTAXE) VALUES 
('2','paris','15');
INSERT INTO BESSY_AEROFRANCE.AEROPORT (AERONUM,AERONOM,AEROTAXE) VALUES 
('3','honolulu','20');
INSERT INTO BESSY_AEROFRANCE.AEROPORT (AERONUM,AERONOM,AEROTAXE) VALUES 
('4','chicago','15');
INSERT INTO BESSY_AEROFRANCE.AEROPORT (AERONUM,AERONOM,AEROTAXE) VALUES 
('5','francfort','10');
INSERT INTO BESSY_AEROFRANCE.AEROPORT (AERONUM,AERONOM,AEROTAXE) VALUES 
('6','pékin','15');
INSERT INTO BESSY_AEROFRANCE.AEROPORT (AERONUM,AERONOM,AEROTAXE) VALUES 
('7','casablanca','15');

-- -----------------------------------------------------------------------------
-- TABLE : TRAJET
-- -----------------------------------------------------------------------------
INSERT INTO BESSY_AEROFRANCE.TRAJET 
(TRANUM,TRAAERONUM_DEPART,TRAAERONUM_ARRIVEE,TRATARIFBILLET,TRANB
KGBAG,TRATARIFKGSUP) VALUES ('1','3','1','2000','20','110');
INSERT INTO BESSY_AEROFRANCE.TRAJET 
(TRANUM,TRAAERONUM_DEPART,TRAAERONUM_ARRIVEE,TRATARIFBILLET,TRANB
KGBAG,TRATARIFKGSUP) VALUES ('2','1','7','300','20','10');
INSERT INTO BESSY_AEROFRANCE.TRAJET 
(TRANUM,TRAAERONUM_DEPART,TRAAERONUM_ARRIVEE,TRATARIFBILLET,TRANB
KGBAG,TRATARIFKGSUP) VALUES ('3','2','6','700','18','15');
INSERT INTO BESSY_AEROFRANCE.TRAJET 
(TRANUM,TRAAERONUM_DEPART,TRAAERONUM_ARRIVEE,TRATARIFBILLET,TRANB
KGBAG,TRATARIFKGSUP) VALUES ('4','1','2','250','18','10');
INSERT INTO BESSY_AEROFRANCE.TRAJET 
(TRANUM,TRAAERONUM_DEPART,TRAAERONUM_ARRIVEE,TRATARIFBILLET,TRANB
KGBAG,TRATARIFKGSUP) VALUES ('5','1','6','900','18','15');
INSERT INTO BESSY_AEROFRANCE.TRAJET 
(TRANUM,TRAAERONUM_DEPART,TRAAERONUM_ARRIVEE,TRATARIFBILLET,TRANB
KGBAG,TRATARIFKGSUP) VALUES ('6','4','5','800','20','45')
INSERT INTO BESSY_AEROFRANCE.TRAJET 
(TRANUM,TRAAERONUM_DEPART,TRAAERONUM_ARRIVEE,TRATARIFBILLET,TRANB
KGBAG,TRATARIFKGSUP) VALUES ('7','5','1','300','18','10');
INSERT INTO BESSY_AEROFRANCE.TRAJET 
(TRANUM,TRAAERONUM_DEPART,TRAAERONUM_ARRIVEE,TRATARIFBILLET,TRANB
KGBAG,TRATARIFKGSUP) VALUES ('8','1','5','300','18','10');

-- -----------------------------------------------------------------------------
-- TABLE : VOL
-- -----------------------------------------------------------------------------
INSERT INTO BESSY_AEROFRANCE.VOL 
(VOLNUM,VOLAERONUM_ARRIVEE,VOLAERONUM_DEPART,VOLH_DEPART,VOLH_A
RRIVEE,VOLNBPLACES) VALUES ('9','2','1','08:05','09:15','150');
INSERT INTO BESSY_AEROFRANCE.VOL 
(VOLNUM,VOLAERONUM_ARRIVEE,VOLAERONUM_DEPART,VOLH_DEPART,VOLH_A
RRIVEE,VOLNBPLACES) VALUES ('10','6','2','12:30','06:30','470');
INSERT INTO BESSY_AEROFRANCE.VOL 
(VOLNUM,VOLAERONUM_ARRIVEE,VOLAERONUM_DEPART,VOLH_DEPART,VOLH_A
RRIVEE,VOLNBPLACES) VALUES ('11','4','3','20:00','08:00','350');
INSERT INTO BESSY_AEROFRANCE.VOL 
(VOLNUM,VOLAERONUM_ARRIVEE,VOLAERONUM_DEPART,VOLH_DEPART,VOLH_A
RRIVEE,VOLNBPLACES) VALUES ('12','5','4','18:00','09:00','600');
INSERT INTO BESSY_AEROFRANCE.VOL 
(VOLNUM,VOLAERONUM_ARRIVEE,VOLAERONUM_DEPART,VOLH_DEPART,VOLH_A
RRIVEE,VOLNBPLACES) VALUES ('13','1','5','12:00','13:45','150');
INSERT INTO BESSY_AEROFRANCE.VOL 
(VOLNUM,VOLAERONUM_ARRIVEE,VOLAERONUM_DEPART,VOLH_DEPART,VOLH_A
RRIVEE,VOLNBPLACES) VALUES ('14','7','1','08:05','11:10','150');
INSERT INTO BESSY_AEROFRANCE.VOL 
(VOLNUM,VOLAERONUM_ARRIVEE,VOLAERONUM_DEPART,VOLH_DEPART,VOLH_A
RRIVEE,VOLNBPLACES) VALUES ('15','5','1','15:00','16:45','150');
INSERT INTO BESSY_AEROFRANCE.VOL 
(VOLNUM,VOLAERONUM_ARRIVEE,VOLAERONUM_DEPART,VOLH_DEPART,VOLH_A
RRIVEE,VOLNBPLACES) VALUES ('16','2','1','09:00','10:15','150');


-- -----------------------------------------------------------------------------
-- TABLE : CONSTITUER
-- -----------------------------------------------------------------------------
INSERT INTO BESSY_AEROFRANCE.CONSTITUER 
(TRANUM,VOLNUM,NUMORDRE,JOURPLUS) VALUES ('1','11','1','0');
INSERT INTO BESSY_AEROFRANCE.CONSTITUER 
(TRANUM,VOLNUM,NUMORDRE,JOURPLUS) VALUES ('1','12','2','1');
INSERT INTO BESSY_AEROFRANCE.CONSTITUER 
(TRANUM,VOLNUM,NUMORDRE,JOURPLUS) VALUES ('1','13','3','2');
INSERT INTO BESSY_AEROFRANCE.CONSTITUER 
(TRANUM,VOLNUM,NUMORDRE,JOURPLUS) VALUES ('2','14','1','0');
INSERT INTO BESSY_AEROFRANCE.CONSTITUER 
(TRANUM,VOLNUM,NUMORDRE,JOURPLUS) VALUES ('3','10','1','0');
INSERT INTO BESSY_AEROFRANCE.CONSTITUER 
(TRANUM,VOLNUM,NUMORDRE,JOURPLUS) VALUES ('4','9','1','0');
INSERT INTO BESSY_AEROFRANCE.CONSTITUER 
(TRANUM,VOLNUM,NUMORDRE,JOURPLUS) VALUES ('5','9','1','0');
INSERT INTO BESSY_AEROFRANCE.CONSTITUER 
(TRANUM,VOLNUM,NUMORDRE,JOURPLUS) VALUES ('5','10','2','0');
INSERT INTO BESSY_AEROFRANCE.CONSTITUER 
(TRANUM,VOLNUM,NUMORDRE,JOURPLUS) VALUES ('6','12','1','0');
INSERT INTO BESSY_AEROFRANCE.CONSTITUER 
(TRANUM,VOLNUM,NUMORDRE,JOURPLUS) VALUES ('7','13','1','0');

-- -----------------------------------------------------------------------------
-- TABLE : OCCURENCE_VOL
-- -----------------------------------------------------------------------------
INSERT INTO BESSY_AEROFRANCE.OCCURRENCE_VOL 
(OCCNUM,VOLNUM,OCCDATE,OCCETAT) VALUES 
('1','9',to_date('10/11/2019','DD/MM/YYYY'),'arrivé');
INSERT INTO BESSY_AEROFRANCE.OCCURRENCE_VOL 
(OCCNUM,VOLNUM,OCCDATE,OCCETAT) VALUES 
('2','9',to_date('11/11/2019','DD/MM/YYYY'),'arrivé');
INSERT INTO BESSY_AEROFRANCE.OCCURRENCE_VOL 
(OCCNUM,VOLNUM,OCCDATE,OCCETAT) VALUES 
('3','9',to_date('12/11/2019','DD/MM/YYYY'),null);
INSERT INTO BESSY_AEROFRANCE.OCCURRENCE_VOL 
(OCCNUM,VOLNUM,OCCDATE,OCCETAT) VALUES 
('4','9',to_date('13/11/2019','DD/MM/YYYY'),null);
INSERT INTO BESSY_AEROFRANCE.OCCURRENCE_VOL 
(OCCNUM,VOLNUM,OCCDATE,OCCETAT) VALUES 
('5','9',to_date('14/11/2019','DD/MM/YYYY'),null);
INSERT INTO BESSY_AEROFRANCE.OCCURRENCE_VOL 
(OCCNUM,VOLNUM,OCCDATE,OCCETAT) VALUES 
('6','10',to_date('10/11/2019','DD/MM/YYYY'),'arrivé');
INSERT INTO BESSY_AEROFRANCE.OCCURRENCE_VOL 
(OCCNUM,VOLNUM,OCCDATE,OCCETAT) VALUES 
('7','10',to_date('11/11/2019','DD/MM/YYYY'),'arrivé');
INSERT INTO BESSY_AEROFRANCE.OCCURRENCE_VOL 
(OCCNUM,VOLNUM,OCCDATE,OCCETAT) VALUES 
('8','10',to_date('12/11/2019','DD/MM/YYYY'),null);
INSERT INTO BESSY_AEROFRANCE.OCCURRENCE_VOL 
(OCCNUM,VOLNUM,OCCDATE,OCCETAT) VALUES 
('9','10',to_date('13/11/2019','DD/MM/YYYY'),null);
INSERT INTO BESSY_AEROFRANCE.OCCURRENCE_VOL 
(OCCNUM,VOLNUM,OCCDATE,OCCETAT) VALUES 
('10','10',to_date('14/11/2019','DD/MM/YYYY'),null);
INSERT INTO BESSY_AEROFRANCE.OCCURRENCE_VOL 
(OCCNUM,VOLNUM,OCCDATE,OCCETAT) VALUES 
('11','11',to_date('10/11/2019','DD/MM/YYYY'),null);
INSERT INTO BESSY_AEROFRANCE.OCCURRENCE_VOL 
(OCCNUM,VOLNUM,OCCDATE,OCCETAT) VALUES 
('12','11',to_date('11/11/2019','DD/MM/YYYY'),null);
INSERT INTO BESSY_AEROFRANCE.OCCURRENCE_VOL 
(OCCNUM,VOLNUM,OCCDATE,OCCETAT) VALUES 
('13','11',to_date('12/11/2019','DD/MM/YYYY'),null);
INSERT INTO BESSY_AEROFRANCE.OCCURRENCE_VOL 
(OCCNUM,VOLNUM,OCCDATE,OCCETAT) VALUES 
('14','11',to_date('13/11/2019','DD/MM/YYYY'),null);
INSERT INTO BESSY_AEROFRANCE.OCCURRENCE_VOL 
(OCCNUM,VOLNUM,OCCDATE,OCCETAT) VALUES 
('15','11',to_date('14/11/2019','DD/MM/YYYY'),null);

INSERT INTO BESSY_AEROFRANCE.OCCURRENCE_VOL 
(OCCNUM,VOLNUM,OCCDATE,OCCETAT) VALUES 
('16','12',to_date('10/11/2019','DD/MM/YYYY'),null);
INSERT INTO BESSY_AEROFRANCE.OCCURRENCE_VOL 
(OCCNUM,VOLNUM,OCCDATE,OCCETAT) VALUES 
('17','12',to_date('11/11/2019','DD/MM/YYYY'),null);
INSERT INTO BESSY_AEROFRANCE.OCCURRENCE_VOL 
(OCCNUM,VOLNUM,OCCDATE,OCCETAT) VALUES 
('18','12',to_date('12/11/2019','DD/MM/YYYY'),null);
INSERT INTO BESSY_AEROFRANCE.OCCURRENCE_VOL 
(OCCNUM,VOLNUM,OCCDATE,OCCETAT) VALUES 
('19','12',to_date('13/11/2019','DD/MM/YYYY'),null);
INSERT INTO BESSY_AEROFRANCE.OCCURRENCE_VOL 
(OCCNUM,VOLNUM,OCCDATE,OCCETAT) VALUES 
('20','12',to_date('14/11/2019','DD/MM/YYYY'),null);
INSERT INTO BESSY_AEROFRANCE.OCCURRENCE_VOL 
(OCCNUM,VOLNUM,OCCDATE,OCCETAT) VALUES 
('21','13',to_date('10/11/2019','DD/MM/YYYY'),null);
INSERT INTO BESSY_AEROFRANCE.OCCURRENCE_VOL 
(OCCNUM,VOLNUM,OCCDATE,OCCETAT) VALUES 
('22','13',to_date('11/11/2019','DD/MM/YYYY'),null);
INSERT INTO BESSY_AEROFRANCE.OCCURRENCE_VOL 
(OCCNUM,VOLNUM,OCCDATE,OCCETAT) VALUES 
('23','13',to_date('12/11/2019','DD/MM/YYYY'),null);
INSERT INTO BESSY_AEROFRANCE.OCCURRENCE_VOL 
(OCCNUM,VOLNUM,OCCDATE,OCCETAT) VALUES 
('24','13',to_date('13/11/2019','DD/MM/YYYY'),null);
INSERT INTO BESSY_AEROFRANCE.OCCURRENCE_VOL 
(OCCNUM,VOLNUM,OCCDATE,OCCETAT) VALUES 
('25','13',to_date('14/11/2019','DD/MM/YYYY'),null);
INSERT INTO BESSY_AEROFRANCE.OCCURRENCE_VOL 
(OCCNUM,VOLNUM,OCCDATE,OCCETAT) VALUES 
('26','14',to_date('10/11/2019','DD/MM/YYYY'),null);
INSERT INTO BESSY_AEROFRANCE.OCCURRENCE_VOL 
(OCCNUM,VOLNUM,OCCDATE,OCCETAT) VALUES 
('27','14',to_date('11/11/2019','DD/MM/YYYY'),null);
INSERT INTO BESSY_AEROFRANCE.OCCURRENCE_VOL 
(OCCNUM,VOLNUM,OCCDATE,OCCETAT) VALUES 
('28','14',to_date('12/11/2019','DD/MM/YYYY'),null);
INSERT INTO BESSY_AEROFRANCE.OCCURRENCE_VOL 
(OCCNUM,VOLNUM,OCCDATE,OCCETAT) VALUES 
('29','14',to_date('13/11/2019','DD/MM/YYYY'),null);
INSERT INTO BESSY_AEROFRANCE.OCCURRENCE_VOL 
(OCCNUM,VOLNUM,OCCDATE,OCCETAT) VALUES 
('30','14',to_date('14/11/2019','DD/MM/YYYY'),null);
INSERT INTO BESSY_AEROFRANCE.OCCURRENCE_VOL 
(OCCNUM,VOLNUM,OCCDATE,OCCETAT) VALUES 
('31','15',to_date('10/11/2019','DD/MM/YYYY'),null);
INSERT INTO BESSY_AEROFRANCE.OCCURRENCE_VOL 
(OCCNUM,VOLNUM,OCCDATE,OCCETAT) VALUES 
('32','15',to_date('11/11/2019','DD/MM/YYYY'),null);
INSERT INTO BESSY_AEROFRANCE.OCCURRENCE_VOL 
(OCCNUM,VOLNUM,OCCDATE,OCCETAT) VALUES 
('33','15',to_date('12/11/2019','DD/MM/YYYY'),null);
INSERT INTO BESSY_AEROFRANCE.OCCURRENCE_VOL 
(OCCNUM,VOLNUM,OCCDATE,OCCETAT) VALUES 
('34','15',to_date('13/11/2019','DD/MM/YYYY'),null);
INSERT INTO BESSY_AEROFRANCE.OCCURRENCE_VOL 
(OCCNUM,VOLNUM,OCCDATE,OCCETAT) VALUES 
('35','15',to_date('14/11/2019','DD/MM/YYYY'),null);
-- -----------------------------------------------------------------------------
-- TABLE : CONTAINER
-- -----------------------------------------------------------------------------
INSERT INTO BESSY_AEROFRANCE.CONTAINER 
(CONTNUM,CONTETAT,OCCNUM_PROVENIR,OCCNUM_DESTINER,CONTPOIDSMAX) 
VALUES ('1',null,null,'11','60');
INSERT INTO BESSY_AEROFRANCE.CONTAINER 
(CONTNUM,CONTETAT,OCCNUM_PROVENIR,OCCNUM_DESTINER,CONTPOIDSMAX) 
VALUES ('2',null,'11','17','60');
INSERT INTO BESSY_AEROFRANCE.CONTAINER 
(CONTNUM,CONTETAT,OCCNUM_PROVENIR,OCCNUM_DESTINER,CONTPOIDSMAX) 
VALUES ('3',null,'17','23','40');
INSERT INTO BESSY_AEROFRANCE.CONTAINER 
(CONTNUM,CONTETAT,OCCNUM_PROVENIR,OCCNUM_DESTINER,CONTPOIDSMAX) 
VALUES ('4',null,'11','17','60');
INSERT INTO BESSY_AEROFRANCE.CONTAINER 
(CONTNUM,CONTETAT,OCCNUM_PROVENIR,OCCNUM_DESTINER,CONTPOIDSMAX) 
VALUES ('5',null,'17','23','60');
INSERT INTO BESSY_AEROFRANCE.CONTAINER 
(CONTNUM,CONTETAT,OCCNUM_PROVENIR,OCCNUM_DESTINER,CONTPOIDSMAX) 
VALUES ('6',null,'17',null,'45');
INSERT INTO BESSY_AEROFRANCE.CONTAINER 
(CONTNUM,CONTETAT,OCCNUM_PROVENIR,OCCNUM_DESTINER,CONTPOIDSMAX) 
VALUES ('7',null,'23',null,'60');
INSERT INTO BESSY_AEROFRANCE.CONTAINER 
(CONTNUM,CONTETAT,OCCNUM_PROVENIR,OCCNUM_DESTINER,CONTPOIDSMAX) 
VALUES ('8',null,'23',null,'50');

INSERT INTO BESSY_AEROFRANCE.CONTAINER 
(CONTNUM,CONTETAT,OCCNUM_PROVENIR,OCCNUM_DESTINER,CONTPOIDSMAX) 
VALUES ('9',null,null,'23','60');
INSERT INTO BESSY_AEROFRANCE.CONTAINER 
(CONTNUM,CONTETAT,OCCNUM_PROVENIR,OCCNUM_DESTINER,CONTPOIDSMAX) 
VALUES ('10',null,null,'2','50');
INSERT INTO BESSY_AEROFRANCE.CONTAINER 
(CONTNUM,CONTETAT,OCCNUM_PROVENIR,OCCNUM_DESTINER,CONTPOIDSMAX) 
VALUES ('11',null,'2','7','60');
INSERT INTO BESSY_AEROFRANCE.CONTAINER 
(CONTNUM,CONTETAT,OCCNUM_PROVENIR,OCCNUM_DESTINER,CONTPOIDSMAX) 
VALUES ('12',null,null,'7','60');
INSERT INTO BESSY_AEROFRANCE.CONTAINER 
(CONTNUM,CONTETAT,OCCNUM_PROVENIR,OCCNUM_DESTINER,CONTPOIDSMAX) 
VALUES ('13',null,'7',null,'90');
INSERT INTO BESSY_AEROFRANCE.CONTAINER 
(CONTNUM,CONTETAT,OCCNUM_PROVENIR,OCCNUM_DESTINER,CONTPOIDSMAX) 
VALUES ('14',null,null,'3','50');
INSERT INTO BESSY_AEROFRANCE.CONTAINER 
(CONTNUM,CONTETAT,OCCNUM_PROVENIR,OCCNUM_DESTINER,CONTPOIDSMAX) 
VALUES ('15',null,'2',null,'50');


-- -----------------------------------------------------------------------------
-- TABLE : BILLET
-- -----------------------------------------------------------------------------
INSERT INTO BESSY_AEROFRANCE.BILLET 
(BILLNUM,TRANUM,BILLDATEACHAT,BILLDATEDEPART,BILLETAT) VALUES 
('1','1',to_date('28/10/2019','DD/MM/YYYY'),to_date('10/11/2019','DD/MM/YYYY'),'terminé');
INSERT INTO BESSY_AEROFRANCE.BILLET 
(BILLNUM,TRANUM,BILLDATEACHAT,BILLDATEDEPART,BILLETAT) VALUES 
('2','2',to_date('29/10/2019','DD/MM/YYYY'),to_date('14/11/2019','DD/MM/YYYY'),'émis');
INSERT INTO BESSY_AEROFRANCE.BILLET 
(BILLNUM,TRANUM,BILLDATEACHAT,BILLDATEDEPART,BILLETAT) VALUES 
('3','1',to_date('28/10/2019','DD/MM/YYYY'),to_date('10/11/2019','DD/MM/YYYY'),'terminé');
INSERT INTO BESSY_AEROFRANCE.BILLET 
(BILLNUM,TRANUM,BILLDATEACHAT,BILLDATEDEPART,BILLETAT) VALUES 
('4','6',to_date('28/10/2019','DD/MM/YYYY'),to_date('11/11/2019','DD/MM/YYYY'),'terminé');
INSERT INTO BESSY_AEROFRANCE.BILLET 
(BILLNUM,TRANUM,BILLDATEACHAT,BILLDATEDEPART,BILLETAT) VALUES 
('5','7',to_date('29/10/2019','DD/MM/YYYY'),to_date('12/11/2019','DD/MM/YYYY'),'terminé');
INSERT INTO BESSY_AEROFRANCE.BILLET 
(BILLNUM,TRANUM,BILLDATEACHAT,BILLDATEDEPART,BILLETAT) VALUES 
('6','7',to_date('29/10/2019','DD/MM/YYYY'),to_date('12/11/2019','DD/MM/YYYY'),'terminé');
INSERT INTO BESSY_AEROFRANCE.BILLET 
(BILLNUM,TRANUM,BILLDATEACHAT,BILLDATEDEPART,BILLETAT) VALUES 
('7','3',to_date('31/10/2019','DD/MM/YYYY'),to_date('11/11/2019','DD/MM/YYYY'),'terminé');
INSERT INTO BESSY_AEROFRANCE.BILLET 
(BILLNUM,TRANUM,BILLDATEACHAT,BILLDATEDEPART,BILLETAT) VALUES 
('8','3',to_date('31/10/2019','DD/MM/YYYY'),to_date('11/11/2019','DD/MM/YYYY'),'terminé');
INSERT INTO BESSY_AEROFRANCE.BILLET 
(BILLNUM,TRANUM,BILLDATEACHAT,BILLDATEDEPART,BILLETAT) VALUES 
('9','5',to_date('28/10/2019','DD/MM/YYYY'),to_date('11/11/2019','DD/MM/YYYY'),'terminé');
INSERT INTO BESSY_AEROFRANCE.BILLET 
(BILLNUM,TRANUM,BILLDATEACHAT,BILLDATEDEPART,BILLETAT) VALUES 
('10','4',to_date('11/11/2019','DD/MM/YYYY'),to_date('11/11/2019','DD/MM/YYYY'),'terminé');
INSERT INTO BESSY_AEROFRANCE.BILLET 
(BILLNUM,TRANUM,BILLDATEACHAT,BILLDATEDEPART,BILLETAT) VALUES 
('11','8',to_date('11/11/2019','DD/MM/YYYY'),to_date('02/12/2019','DD/MM/YYYY'),'émis');

-- -----------------------------------------------------------------------------
-- TABLE : COUPON_VOL
-- -----------------------------------------------------------------------------
INSERT INTO BESSY_AEROFRANCE.COUPON_VOL 
(COUPNUM,OCCNUM,BILLNUM,COUPETAT) VALUES ('1','11','1','arrivé');
INSERT INTO BESSY_AEROFRANCE.COUPON_VOL 
(COUPNUM,OCCNUM,BILLNUM,COUPETAT) VALUES ('2','17','1','arrivé');
INSERT INTO BESSY_AEROFRANCE.COUPON_VOL 
(COUPNUM,OCCNUM,BILLNUM,COUPETAT) VALUES ('3','23','1','arrivé');
INSERT INTO BESSY_AEROFRANCE.COUPON_VOL 
(COUPNUM,OCCNUM,BILLNUM,COUPETAT) VALUES ('4','30','2','réservé');
INSERT INTO BESSY_AEROFRANCE.COUPON_VOL 
(COUPNUM,OCCNUM,BILLNUM,COUPETAT) VALUES ('5','11','3','arrivé');
INSERT INTO BESSY_AEROFRANCE.COUPON_VOL 
(COUPNUM,OCCNUM,BILLNUM,COUPETAT) VALUES ('6','17','3','arrivé');
INSERT INTO BESSY_AEROFRANCE.COUPON_VOL 
(COUPNUM,OCCNUM,BILLNUM,COUPETAT) VALUES ('7','23','3','arrivé');
INSERT INTO BESSY_AEROFRANCE.COUPON_VOL 
(COUPNUM,OCCNUM,BILLNUM,COUPETAT) VALUES ('8','17','4','arrivé');
INSERT INTO BESSY_AEROFRANCE.COUPON_VOL 
(COUPNUM,OCCNUM,BILLNUM,COUPETAT) VALUES ('9','23','5','arrivé');
INSERT INTO BESSY_AEROFRANCE.COUPON_VOL 
(COUPNUM,OCCNUM,BILLNUM,COUPETAT) VALUES ('10','23','6','arrivé');
INSERT INTO BESSY_AEROFRANCE.COUPON_VOL 
(COUPNUM,OCCNUM,BILLNUM,COUPETAT) VALUES ('11','7','7','arrivé');
INSERT INTO BESSY_AEROFRANCE.COUPON_VOL 
(COUPNUM,OCCNUM,BILLNUM,COUPETAT) VALUES ('12','7','8','arrivé');
INSERT INTO BESSY_AEROFRANCE.COUPON_VOL 
(COUPNUM,OCCNUM,BILLNUM,COUPETAT) VALUES ('13','2','9','arrivé');
INSERT INTO BESSY_AEROFRANCE.COUPON_VOL 
(COUPNUM,OCCNUM,BILLNUM,COUPETAT) VALUES ('14','7','9','arrivé');
INSERT INTO BESSY_AEROFRANCE.COUPON_VOL 
(COUPNUM,OCCNUM,BILLNUM,COUPETAT) VALUES ('15','2','10','arrivé');
INSERT INTO BESSY_AEROFRANCE.COUPON_VOL 
(COUPNUM,OCCNUM,BILLNUM,COUPETAT) VALUES ('17','37','11','réservé');


-- -----------------------------------------------------------------------------
-- TABLE : BAGAGE
-- -----------------------------------------------------------------------------
INSERT INTO BESSY_AEROFRANCE.BAGAGE (BAGNUM,BILLNUM,BAGKG) VALUES ('1','1','18');
INSERT INTO BESSY_AEROFRANCE.BAGAGE (BAGNUM,BILLNUM,BAGKG) VALUES ('2','1','15');
INSERT INTO BESSY_AEROFRANCE.BAGAGE (BAGNUM,BILLNUM,BAGKG) VALUES ('3','4','21');
INSERT INTO BESSY_AEROFRANCE.BAGAGE (BAGNUM,BILLNUM,BAGKG) VALUES ('4','4','17');
INSERT INTO BESSY_AEROFRANCE.BAGAGE (BAGNUM,BILLNUM,BAGKG) VALUES ('5','5','18');
INSERT INTO BESSY_AEROFRANCE.BAGAGE (BAGNUM,BILLNUM,BAGKG) VALUES ('6','6','18');
INSERT INTO BESSY_AEROFRANCE.BAGAGE (BAGNUM,BILLNUM,BAGKG) VALUES ('7','6','10');
INSERT INTO BESSY_AEROFRANCE.BAGAGE (BAGNUM,BILLNUM,BAGKG) VALUES ('8','9','20');


-- -----------------------------------------------------------------------------
-- TABLE : AFFECTER
-- -----------------------------------------------------------------------------
INSERT INTO BESSY_AEROFRANCE.AFFECTER (BAGNUM,CONTNUM) VALUES ('1','1');
INSERT INTO BESSY_AEROFRANCE.AFFECTER (BAGNUM,CONTNUM) VALUES ('1','2');
INSERT INTO BESSY_AEROFRANCE.AFFECTER (BAGNUM,CONTNUM) VALUES ('1','3');
INSERT INTO BESSY_AEROFRANCE.AFFECTER (BAGNUM,CONTNUM) VALUES ('1','7');
INSERT INTO BESSY_AEROFRANCE.AFFECTER (BAGNUM,CONTNUM) VALUES ('2','1');
INSERT INTO BESSY_AEROFRANCE.AFFECTER (BAGNUM,CONTNUM) VALUES ('2','2');
INSERT INTO BESSY_AEROFRANCE.AFFECTER (BAGNUM,CONTNUM) VALUES ('2','3');
INSERT INTO BESSY_AEROFRANCE.AFFECTER (BAGNUM,CONTNUM) VALUES ('2','7');
INSERT INTO BESSY_AEROFRANCE.AFFECTER (BAGNUM,CONTNUM) VALUES ('3','2');
INSERT INTO BESSY_AEROFRANCE.AFFECTER (BAGNUM,CONTNUM) VALUES ('3','6');
INSERT INTO BESSY_AEROFRANCE.AFFECTER (BAGNUM,CONTNUM) VALUES ('4','4');
INSERT INTO BESSY_AEROFRANCE.AFFECTER (BAGNUM,CONTNUM) VALUES ('4','6');
INSERT INTO BESSY_AEROFRANCE.AFFECTER (BAGNUM,CONTNUM) VALUES ('5','7');
INSERT INTO BESSY_AEROFRANCE.AFFECTER (BAGNUM,CONTNUM) VALUES ('5','9');
INSERT INTO BESSY_AEROFRANCE.AFFECTER (BAGNUM,CONTNUM) VALUES ('6','8');
INSERT INTO BESSY_AEROFRANCE.AFFECTER (BAGNUM,CONTNUM) VALUES ('6','9');
INSERT INTO BESSY_AEROFRANCE.AFFECTER (BAGNUM,CONTNUM) VALUES ('7','8');
INSERT INTO BESSY_AEROFRANCE.AFFECTER (BAGNUM,CONTNUM) VALUES ('7','9');
INSERT INTO BESSY_AEROFRANCE.AFFECTER (BAGNUM,CONTNUM) VALUES ('8','10');
INSERT INTO BESSY_AEROFRANCE.AFFECTER (BAGNUM,CONTNUM) VALUES ('8','11');
INSERT INTO BESSY_AEROFRANCE.AFFECTER (BAGNUM,CONTNUM) VALUES ('8','13');
INSERT INTO BESSY_AEROFRANCE.AFFECTER (BAGNUM,CONTNUM) VALUES ('9','12');
INSERT INTO BESSY_AEROFRANCE.AFFECTER (BAGNUM,CONTNUM) VALUES ('9','13');
INSERT INTO BESSY_AEROFRANCE.AFFECTER (BAGNUM,CONTNUM) VALUES ('10','12');
INSERT INTO BESSY_AEROFRANCE.AFFECTER (BAGNUM,CONTNUM) VALUES ('10','13');
INSERT INTO BESSY_AEROFRANCE.AFFECTER (BAGNUM,CONTNUM) VALUES ('11','14');
INSERT INTO BESSY_AEROFRANCE.AFFECTER (BAGNUM,CONTNUM) VALUES ('11','15');


